<?xml version="1.0" encoding="UTF-8" standalone="yes"?>
<manifest>
  <control namespace="TwoOptionSet" constructor="TwoOptionSet" version="0.0.39" display-name-key="TwoOptionSet" description-key="TwoOptionSet description" control-type="standard" api-version="1.3.5">
    <external-service-usage enabled="false"/>
    <property name="booleanProperty" display-name-key="Property_Display_Key" description-key="Property_Desc_Key" of-type="TwoOptions" usage="bound" required="true"/>
    <resources>
      <code path="bundle.js" order="1"/>
    </resources>
    <built-by name="pac" version="1.26.5"/>
  </control>
</manifest>